{
  "AUC": 0.5,
  "NDCG@1": 0.06957087126137841,
  "NDCG@3": 0.08957403329890247,
  "NDCG@5": 0.12159653270250655,
  "NDCG@10": 0.1870270131842951,
  "MAP": 0.1715487071291194,
  "MRR": 0.20362387658509737,
  "P@1": 0.06957087126137841,
  "P@3": 0.06584272911246024,
  "P@5": 0.06714471968709257,
  "P@10": 0.0674235807860262
}